timestamp,x,y,z,total
2025-09-19T15:57:04.143748,9.497440949381122,2.416322704652382,-6.014982855104687,9.8
2025-09-19T15:57:04.145070,9.500636845030796,2.4037261780084886,-6.020111438151158,9.8
2025-09-19T15:57:04.146383,9.503788098825085,2.391236452681054,-6.025192227793471,9.8
2025-09-19T15:57:04.147697,9.506929171854717,2.378717663224833,-6.030280544899908,9.8
2025-09-19T15:57:04.149009,9.510040779142733,2.3662468973127666,-6.035345077389317,9.8
2025-09-19T15:57:04.150343,9.51316857554727,2.353640510617526,-6.040460371360293,9.8
2025-09-19T15:57:04.151677,9.516288591348381,2.340993687768647,-6.045587724111994,9.8
2025-09-19T15:57:04.152975,9.519350158914813,2.3285129486366443,-6.050643482447173,9.8
2025-09-19T15:57:04.154284,9.522392044718572,2.3160418274894052,-6.055691128624537,9.8
2025-09-19T15:57:04.155599,9.525428576502948,2.303521311805262,-6.060754538186992,9.8
2025-09-19T15:57:04.156909,9.528437721264341,2.2910422501531507,-6.065796977664977,9.8
2025-09-19T15:57:04.158220,9.531431060730139,2.278556985144056,-6.070837732372208,9.8
2025-09-19T15:57:04.159530,9.534409661375618,2.2660609897059882,-6.075878631970907,9.8
2025-09-19T15:57:04.160840,9.537370267524267,2.2535679222388927,-6.080914173134614,9.8
2025-09-19T15:57:04.162149,9.54031290090173,2.2410778105385,-6.085944357974475,9.8
2025-09-19T15:57:04.163460,9.543243959273703,2.228563378902646,-6.09098017098866,9.8
2025-09-19T15:57:04.164769,9.546151205042488,2.216076977558737,-6.096000558559865,9.8
2025-09-19T15:57:04.166077,9.549042638959474,2.2035845069644835,-6.10101925221303,9.8
2025-09-19T15:57:04.167388,9.551921903895117,2.1910700449526246,-6.106042644768554,9.8
2025-09-19T15:57:04.168698,9.554784248649424,2.1785540988832177,-6.111062502991786,9.8
2025-09-19T15:57:04.170019,9.557648784555163,2.165952379691488,-6.116112600296998,9.8
2025-09-19T15:57:04.171332,9.560484891878561,2.1533993201823485,-6.121139055037592,9.8
2025-09-19T15:57:04.172641,9.56330042861331,2.140860787646991,-6.1261555759325725,9.8
2025-09-19T15:57:04.173952,9.566097998832467,2.128325416080327,-6.131166729196524,9.8
2025-09-19T15:57:04.175262,9.568879642402102,2.1157841074227357,-6.136176160576601,9.8
2025-09-19T15:57:04.176573,9.571643841217691,2.103243727407609,-6.141181135229829,9.8
2025-09-19T15:57:04.177887,9.57439808535222,2.0906700608187223,-6.1461953029486684,9.8
2025-09-19T15:57:04.179199,9.57713283951375,2.0781064877208055,-6.151201363162164,9.8
2025-09-19T15:57:04.180507,9.579844705634782,2.0655690295706,-6.156192959541154,9.8
2025-09-19T15:57:04.181816,9.58253966945249,2.0530303172065825,-6.161181010625134,9.8
2025-09-19T15:57:04.183127,9.585222113715021,2.040469806380033,-6.166173687850338,9.8
2025-09-19T15:57:04.184437,9.587887610546524,2.027908076695904,-6.171162809729628,9.8
2025-09-19T15:57:04.185748,9.590536164355154,2.0153451516293592,-6.176148375566778,9.8
2025-09-19T15:57:04.187058,9.59316968957715,2.0027719058790137,-6.181134010939485,9.8
2025-09-19T15:57:04.188368,9.59578483320966,1.9902043700945586,-6.186113366770502,9.8
2025-09-19T15:57:04.189678,9.598383512744261,1.9776334195899765,-6.191090069124267,9.8
2025-09-19T15:57:04.190992,9.600971345762055,1.9650316073427332,-6.1960749772755825,9.8
2025-09-19T15:57:04.192298,9.603533789245455,1.952469912398353,-6.201040028031433,9.8
2025-09-19T15:57:04.193607,9.606080722314715,1.939900295472327,-6.206004233980638,9.8
2025-09-19T15:57:04.194918,9.608615339180396,1.9273067383442686,-6.210973915748889,9.8
2025-09-19T15:57:04.196233,9.61113846741275,1.9146846633894856,-6.215950864460845,9.8
2025-09-19T15:57:04.197543,9.613640480144943,1.9020822060359406,-6.220916105399903,9.8
2025-09-19T15:57:04.198854,9.616126418592346,1.8894741865530613,-6.225879575280106,9.8
2025-09-19T15:57:04.200164,9.618592689617364,1.8768789708554545,-6.230834056754222,9.8
2025-09-19T15:57:04.201473,9.621042907897609,1.8642782422141666,-6.235786767774423,9.8
2025-09-19T15:57:04.202783,9.623476618743062,1.851674314912213,-6.240736804010418,9.8
2025-09-19T15:57:04.204095,9.625896010310168,1.839055735614012,-6.245688664630294,9.8
2025-09-19T15:57:04.205404,9.62829711421301,1.8264431774455603,-6.250634242260281,9.8
2025-09-19T15:57:04.206714,9.630681259769776,1.8138297805249695,-6.255576238479366,9.8
2025-09-19T15:57:04.208025,9.633051028561317,1.8012017880109312,-6.260520045391313,9.8
2025-09-19T15:57:04.209335,9.635401680636722,1.7885844829873343,-6.265455772197427,9.8
2025-09-19T15:57:04.210645,9.637736653503337,1.775959514661949,-6.2703906081006195,9.8
2025-09-19T15:57:04.211956,9.640056345502913,1.7633246029954366,-6.275325445371129,9.8
2025-09-19T15:57:04.213265,9.642357803762543,1.7506958571435556,-6.2802539996401885,9.8
2025-09-19T15:57:04.214575,9.64464230362901,1.7380664069734886,-6.2851789637073905,9.8
2025-09-19T15:57:04.215886,9.64691231846388,1.7254224757634997,-6.290105712049589,9.8
2025-09-19T15:57:04.217196,9.649164532292701,1.712782481444906,-6.295027072294445,9.8
2025-09-19T15:57:04.218506,9.651400184409303,1.700139547326658,-6.2999457313614515,9.8
2025-09-19T15:57:04.219817,9.653620075635034,1.6874890919043677,-6.304863475894511,9.8
2025-09-19T15:57:04.221151,9.655861317596628,1.6746170354266459,-6.309863431676587,9.8
2025-09-19T15:57:04.222461,9.65804775553013,1.6619607552224003,-6.31477571251824,9.8
2025-09-19T15:57:04.223772,9.660219177327422,1.64929240766928,-6.319688853291793,9.8
2025-09-19T15:57:04.225082,9.662371250789903,1.6366373489288277,-6.324593029614534,9.8
2025-09-19T15:57:04.226393,9.66450752028059,1.6239748737095412,-6.329496276863053,9.8
2025-09-19T15:57:04.227710,9.666634878899538,1.6112635160155948,-6.334414635270065,9.8
2025-09-19T15:57:04.229019,9.66873903957733,1.5985885601221015,-6.339315109331741,9.8
2025-09-19T15:57:04.230328,9.67082431210249,1.5859246906607598,-6.344207516763799,9.8
2025-09-19T15:57:04.231639,9.672893372913226,1.573255794920653,-6.34909809381528,9.8
2025-09-19T15:57:04.232950,9.67494695354036,1.560577279784672,-6.353988615747995,9.8
2025-09-19T15:57:04.234259,9.676983178016906,1.5479006984874162,-6.358874631364552,9.8
2025-09-19T15:57:04.235570,9.679003891107117,1.535214537428983,-6.363760583695618,9.8
2025-09-19T15:57:04.236879,9.681006521126456,1.5225349709964164,-6.368640250643583,9.8
2025-09-19T15:57:04.238210,9.6830062195546,1.5097650651895942,-6.373550908290526,9.8
2025-09-19T15:57:04.239515,9.684984076810665,1.4970248601555984,-6.378446377076284,9.8
2025-09-19T15:57:04.240824,9.686936678137531,1.4843374932116447,-6.383317811550898,9.8
2025-09-19T15:57:04.242136,9.688874413305216,1.4716360294582072,-6.388190937632875,9.8
2025-09-19T15:57:04.243446,9.690795842219616,1.4589297256615932,-6.393062204003509,9.8
2025-09-19T15:57:04.244756,9.692698194027852,1.4462370896534273,-6.397924527586912,9.8
2025-09-19T15:57:04.246066,9.694583921511231,1.4335419731476005,-6.402784107837524,9.8
2025-09-19T15:57:04.247382,9.69646081267084,1.420791226161951,-6.407661273179665,9.8
2025-09-19T15:57:04.248694,9.698314890756636,1.4080796425373496,-6.41251976617359,9.8
2025-09-19T15:57:04.250002,9.700151639224993,1.3953702648547137,-6.417373738704324,9.8
2025-09-19T15:57:04.251313,9.701973051008615,1.382649238781341,-6.422228486278843,9.8
2025-09-19T15:57:04.252622,9.703774513936468,1.369948970829596,-6.427071653788761,9.8
2025-09-19T15:57:04.253931,9.705559028123536,1.3572486697763737,-6.431911187049755,9.8
2025-09-19T15:57:04.255242,9.707328843541186,1.3445321577981517,-6.436753251973316,9.8
2025-09-19T15:57:04.256551,9.709082314942844,1.3318110232552165,-6.44159343532712,9.8
2025-09-19T15:57:04.257862,9.710818801228935,1.3190899172151336,-6.446429973686665,9.8
2025-09-19T15:57:04.259173,9.712540488742544,1.306352653205391,-6.45126902239347,9.8
2025-09-19T15:57:04.260483,9.714243310377864,1.293629354482556,-6.456099144455224,9.8
2025-09-19T15:57:04.261793,9.715929159276987,1.2809061526556804,-6.4609256188248425,9.8
2025-09-19T15:57:04.263103,9.717600158144098,1.2681668527594503,-6.465754590260808,9.8
2025-09-19T15:57:04.264413,9.719252657635012,1.2554392765302302,-6.4705755188392535,9.8
2025-09-19T15:57:04.265723,9.720888783541243,1.2427072294076664,-6.475394549824933,9.8
2025-09-19T15:57:04.267034,9.722509110443559,1.2299660960132202,-6.480213432406006,9.8
2025-09-19T15:57:04.268342,9.724110415910172,1.2172413972533702,-6.485022525285359,9.8
2025-09-19T15:57:04.269651,9.725695067456867,1.2045146137947789,-6.489828841533926,9.8
2025-09-19T15:57:04.270961,9.727265051363243,1.1917695333105445,-6.494638503163848,9.8
2025-09-19T15:57:04.272274,9.728820020024456,1.179008489355093,-6.499450623103468,9.8
2025-09-19T15:57:04.273584,9.730357413516623,1.166252376298593,-6.504257325485892,9.8
2025-09-19T15:57:04.274895,9.73187808161465,1.1534942585849326,-6.509061232845627,9.8
2025-09-19T15:57:04.276204,9.73337930195484,1.1407573643317592,-6.5138536147793795,9.8
2025-09-19T15:57:04.277516,9.734866541878882,1.1279953066423305,-6.51865193099406,9.8
2025-09-19T15:57:04.278817,9.736327476192347,1.1153148776654902,-6.523416060580461,9.8
2025-09-19T15:57:04.280128,9.737780568262785,1.102555941602843,-6.528206176749175,9.8
2025-09-19T15:57:04.281438,9.739216680609971,1.089797434447573,-6.53299261986472,9.8
2025-09-19T15:57:04.282747,9.740635563108095,1.0770417014739406,-6.537774519114108,9.8
2025-09-19T15:57:04.284057,9.742037739062107,1.0642841212240628,-6.542553615065152,9.8
2025-09-19T15:57:04.285367,9.743423456769836,1.0515223925658166,-6.547330774936264,9.8
2025-09-19T15:57:04.286702,9.744806077496499,1.038631075978048,-6.552152907839344,9.8
2025-09-19T15:57:04.288026,9.746169930105143,1.025754207163845,-6.556966096061284,9.8
2025-09-19T15:57:04.290331,9.748501494478665,1.0033536824805345,-6.565330681378158,9.8
2025-09-19T15:57:04.291702,9.749869254048818,0.9899745092443322,-6.57032152217095,9.8
2025-09-19T15:57:04.293059,9.751199324132179,0.9767864357392421,-6.575237369470225,9.8
2025-09-19T15:57:04.294432,9.752528324987734,0.9634268370311987,-6.580213408282982,9.8
2025-09-19T15:57:04.295776,9.753819766948332,0.9502630971936052,-6.585112817845366,9.8
2025-09-19T15:57:04.297143,9.755107068480813,0.9369557526776294,-6.590061973295822,9.8
2025-09-19T15:57:04.298477,9.75635441057188,0.9238769481454814,-6.594922513122285,9.8
2025-09-19T15:57:04.300565,9.75825902857005,0.9035378970088247,-6.602474104807739,9.8
2025-09-19T15:57:04.301901,9.759458806980302,0.8904851457798885,-6.607315853330954,9.8
2025-09-19T15:57:04.303209,9.760623969978,0.8776216250132536,-6.612083940592033,9.8
2025-09-19T15:57:04.304759,9.761797327235229,0.8644726380766171,-6.6169542898092155,9.8
2025-09-19T15:57:04.305891,9.762936934452668,0.8515059682115861,-6.621753601257241,9.8
2025-09-19T15:57:04.307197,9.764049920957708,0.8386472089298256,-6.62650953943657,9.8
2025-09-19T15:57:04.308547,9.765156602075457,0.8256612725216865,-6.631309053621596,9.8
2025-09-19T15:57:04.309862,9.766243880882307,0.8126994888203922,-6.636096179590836,9.8
2025-09-19T15:57:04.311166,9.767302704255584,0.7998736671759898,-6.6408296944612015,9.8
2025-09-19T15:57:04.312478,9.768345997241358,0.787030163449112,-6.645566356534209,9.8
2025-09-19T15:57:04.313790,9.769370555854318,0.7742085910184175,-6.650291565338302,9.8
2025-09-19T15:57:04.315114,9.770383004902287,0.7613251194572371,-6.655036206863157,9.8
2025-09-19T15:57:04.316462,9.771402548348213,0.7481258170482066,-6.659893655041632,9.8
2025-09-19T15:57:04.317776,9.772376042611123,0.7353002664219367,-6.664610168234336,9.8
2025-09-19T15:57:04.319086,9.773333391578495,0.7224641285605807,-6.669327235190456,9.8
2025-09-19T15:57:04.320397,9.774272019022128,0.7096523783945992,-6.6740320156459,9.8
2025-09-19T15:57:04.321716,9.775197340503471,0.6967904665061679,-6.678751882958356,9.8
2025-09-19T15:57:04.323027,9.77610345416335,0.6839599794545275,-6.68345689749495,9.8
2025-09-19T15:57:04.324334,9.776991607026941,0.6711446313014587,-6.6881530564590745,9.8
2025-09-19T15:57:04.325645,9.777862489573629,0.6583351236179179,-6.6928437823000335,9.8
2025-09-19T15:57:04.326989,9.778725976685143,0.6453822688168729,-6.697583660007341,9.8
2025-09-19T15:57:04.328313,9.77957999419033,0.6323093682939206,-6.702364067652532,9.8
2025-09-19T15:57:04.329633,9.780405903594515,0.619403229676424,-6.707080152688316,9.8
2025-09-19T15:57:04.330953,9.781214346937256,0.6065030084581575,-6.711790763913535,9.8
2025-09-19T15:57:04.332305,9.782019783390192,0.5933708430340494,-6.7165826779049755,9.8
2025-09-19T15:57:04.333642,9.782805513576655,0.5802725941608933,-6.72135881266665,9.8
2025-09-19T15:57:04.334978,9.783569512817737,0.5672456151115763,-6.726105595807524,9.8
2025-09-19T15:57:04.336311,9.784317882799407,0.5541873043761772,-6.730860435973749,9.8
2025-09-19T15:57:04.337626,9.785041468863716,0.5412609838307578,-6.735563909520071,9.8
2025-09-19T15:57:04.338948,9.785747599736096,0.5283407179645069,-6.740261900102541,9.8
2025-09-19T15:57:04.340268,9.786438022276517,0.5153938650590493,-6.744966275765259,9.8
2025-09-19T15:57:04.341588,9.787109997978446,0.5024717777849455,-6.749658383122347,9.8
2025-09-19T15:57:04.342924,9.787772146683098,0.4894041322001061,-6.75440002903437,9.8
2025-09-19T15:57:04.344245,9.788410827767331,0.47645930240398454,-6.759093831144859,9.8
2025-09-19T15:57:04.345562,9.789029957298437,0.4635649847796504,-6.76376607923276,9.8
2025-09-19T15:57:04.346892,9.78963543171704,0.45059750783858266,-6.768461583815849,9.8
2025-09-19T15:57:04.348209,9.790222267394386,0.4376619186257138,-6.773142298721768,9.8
2025-09-19T15:57:04.349527,9.790790997913989,0.42474890837578727,-6.777811619465286,9.8
2025-09-19T15:57:04.350856,9.791346918185894,0.41173477838483546,-6.782514252540448,9.8
2025-09-19T15:57:04.352173,9.791881641784396,0.3988156382160945,-6.7871793384837815,9.8
2025-09-19T15:57:04.353491,9.79239830721444,0.3859214853617305,-6.791832206535106,9.8
2025-09-19T15:57:04.354898,9.792897370794869,0.37304300700985416,-6.796476238879359,9.8
2025-09-19T15:57:04.356131,9.793383360819922,0.36005881188427635,-6.801155182891143,9.8
2025-09-19T15:57:04.357520,9.793869004571954,0.3465976360057545,-6.806002614132014,9.8
2025-09-19T15:57:04.358873,9.794330505079595,0.3333016010572261,-6.810787190539696,9.8
2025-09-19T15:57:04.360185,9.794761893484138,0.3203739220833178,-6.815435993521747,9.8
2025-09-19T15:57:04.361503,9.795176291765515,0.30744334963501035,-6.820082667152096,9.8
2025-09-19T15:57:04.362842,9.795578393217545,0.29435343097982103,-6.824783380313171,9.8
2025-09-19T15:57:04.364161,9.795958172141956,0.2814311454783379,-6.829420721200016,9.8
2025-09-19T15:57:04.365478,9.796320904049521,0.2685083702277774,-6.834055090931291,9.8
2025-09-19T15:57:04.366822,9.796667685071172,0.25554308498221623,-6.838701549533153,9.8
2025-09-19T15:57:04.368131,9.796997653737513,0.24256333742280825,-6.84335003098835,9.8
2025-09-19T15:57:04.369459,9.797311465255424,0.22953878272445635,-6.848011387596415,9.8
2025-09-19T15:57:04.370781,9.797606412493455,0.21658390029537128,-6.852644663817955,9.8
2025-09-19T15:57:04.372117,9.797885006343828,0.20359126322815319,-6.857288298604781,9.8
2025-09-19T15:57:04.373432,9.798145688929202,0.19063330904674036,-6.8619164076569,9.8
2025-09-19T15:57:04.374747,9.79838881065726,0.17769838262244705,-6.866533180954565,9.8
2025-09-19T15:57:04.376074,9.798615445652123,0.16472810393999418,-6.871159457522,9.8
2025-09-19T15:57:04.377398,9.798824839331441,0.1517622090678446,-6.875781059310103,9.8
2025-09-19T15:57:04.378713,9.799016414118128,0.1388427738253155,-6.880383013194539,9.8
2025-09-19T15:57:04.380034,9.79919122523167,0.12590207044630253,-6.884989459310241,9.8
2025-09-19T15:57:04.381353,9.799349000561225,0.11295647480219344,-6.889594565246147,9.8
2025-09-19T15:57:04.382680,9.799489888202013,0.0999896545974845,-6.894204137713963,9.8
2025-09-19T15:57:04.384030,9.799614903022382,0.08687780189229398,-6.898862135941533,9.8
2025-09-19T15:57:04.385346,9.799721599637545,0.07386859682832059,-6.903480562407722,9.8
2025-09-19T15:57:04.386677,9.7998113453382,0.06080785953081249,-6.908114177422014,9.8
2025-09-19T15:57:04.388028,9.799884388861328,0.047602152808932756,-6.912796066081817,9.8
2025-09-19T15:57:04.389345,9.799938673783236,0.0346697286933539,-6.91737799526689,9.8
2025-09-19T15:57:04.390663,9.799975861324869,0.02175126317951147,-6.921951950889316,9.8
2025-09-19T15:57:04.391995,9.799996103297115,0.008739299823181858,-6.926555957390831,9.8
2025-09-19T15:57:04.393318,9.79999908278935,-0.004239967913936126,-6.93114534855375,9.8
2025-09-19T15:57:04.394639,9.79998491337042,-0.017195863229097035,-6.935723446751793,9.8
2025-09-19T15:57:04.395959,9.799953637437037,-0.030144719016860087,-6.940296040024706,9.8
2025-09-19T15:57:04.397281,9.799905221183243,-0.04310053161415439,-6.9448680768542586,9.8
2025-09-19T15:57:04.398603,9.799839676990592,-0.05605626888181504,-6.94943707918281,9.8
2025-09-19T15:57:04.399930,9.799756576988607,-0.06907265572257895,-6.95402444725647,9.8
2025-09-19T15:57:04.401259,9.799656286161417,-0.0820772386051703,-6.958604635209946,9.8
2025-09-19T15:57:04.402604,9.799537376697424,-0.09522186046372694,-6.963231083072876,9.8
2025-09-19T15:57:04.403928,9.799403004204457,-0.10817005680257767,-6.967785392671953,9.8
2025-09-19T15:57:04.405250,9.799251292145613,-0.1211367548787949,-6.9723432287076985,9.8
2025-09-19T15:57:04.406567,9.799082486334278,-0.1340985682877172,-6.976896371927121,9.8
2025-09-19T15:57:04.407889,9.798896745846395,-0.14704612963599645,-6.981441544209648,9.8
2025-09-19T15:57:04.409215,9.79869382141677,-0.15999810664143382,-6.985985307924934,9.8
2025-09-19T15:57:04.410534,9.798473571162807,-0.17296148479936427,-6.990530114055506,9.8
2025-09-19T15:57:04.411881,9.798233731880464,-0.186053044693856,-6.995116862426238,9.8
2025-09-19T15:57:04.413202,9.797977588032424,-0.19908587196065317,-6.999680047874132,9.8
2025-09-19T15:57:04.414530,9.797704210111828,-0.21211367508240653,-7.004238503071107,9.8
2025-09-19T15:57:04.415855,9.797414797991223,-0.2250850419344369,-7.008774265553053,9.8
2025-09-19T15:57:04.417175,9.797108666876985,-0.23803732775319245,-7.013300428898697,9.8
2025-09-19T15:57:04.418496,9.796786070923286,-0.2509635044453559,-7.017814558093014,9.8
2025-09-19T15:57:04.419820,9.796445224842618,-0.26393362168980666,-7.0223411157732905,9.8
2025-09-19T15:57:04.421145,9.796086481188372,-0.27692896756826063,-7.0268735537993345,9.8
2025-09-19T15:57:04.422464,9.795712433968221,-0.28985843268809847,-7.031380114897195,9.8
2025-09-19T15:57:04.423780,9.795321538236399,-0.30278038668662793,-7.0358811740083045,9.8
2025-09-19T15:57:04.425098,9.79491344605614,-0.3157064843626616,-7.040380797469484,9.8
2025-09-19T15:57:04.426470,9.79447520380763,-0.32902200837861495,-7.045012976642075,9.8
2025-09-19T15:57:04.427820,9.794022205941802,-0.342241186181451,-7.049608628306192,9.8
2025-09-19T15:57:04.429154,9.793555518727736,-0.3553453272487682,-7.054161332399406,9.8
2025-09-19T15:57:04.430514,9.793064708585346,-0.3686239458584118,-7.058771659056994,9.8
2025-09-19T15:57:04.431877,9.792553435979924,-0.3819649244077074,-7.063400606619858,9.8
2025-09-19T15:57:04.433219,9.792034635604406,-0.3950413840646364,-7.067934831470698,9.8
2025-09-19T15:57:04.434584,9.791483479792861,-0.4084743136887825,-7.0725896344320045,9.8
2025-09-19T15:57:04.435974,9.790906350559169,-0.4220815496798693,-7.077301716998603,9.8
2025-09-19T15:57:04.437310,9.790333980630345,-0.4351557740795615,-7.081826268201576,9.8
2025-09-19T15:57:04.438653,9.78973912880226,-0.4483389231351475,-7.086385589520389,9.8
2025-09-19T15:57:04.440019,9.789121022789063,-0.46163795466710816,-7.0909820178779785,9.8
2025-09-19T15:57:04.441337,9.788497755511564,-0.4746700857912652,-7.0954833112605655,9.8
2025-09-19T15:57:04.442649,9.787863881867118,-0.4875660263402011,-7.099934755268318,9.8
2025-09-19T15:57:04.443962,9.78721516601828,-0.5004191184015412,-7.104368633465437,9.8
2025-09-19T15:57:04.445282,9.78654687958064,-0.5133226799688785,-7.108817140132914,9.8
2025-09-19T15:57:04.446604,9.785859322562521,-0.5262673455727669,-7.113277022112,9.8
2025-09-19T15:57:04.447948,9.785149243718504,-0.5393090747940238,-7.117767519840102,9.8
2025-09-19T15:57:04.449264,9.784425339456938,-0.5522868607825067,-7.122233190357803,9.8
2025-09-19T15:57:04.450582,9.783687187898247,-0.565212357752132,-7.126678086807728,9.8
2025-09-19T15:57:04.451912,9.782928790973193,-0.5781905142319324,-7.131138304628265,9.8
2025-09-19T15:57:04.453226,9.782158674850436,-0.5910766955720721,-7.135564154872632,9.8
2025-09-19T15:57:04.454541,9.781372304887038,-0.6039501909833711,-7.139982908650309,9.8
2025-09-19T15:57:04.455863,9.780567081328588,-0.6168529546266447,-7.144408966294592,9.8
2025-09-19T15:57:04.457178,9.779746038680882,-0.6297359914326213,-7.14882552298067,9.8
2025-09-19T15:57:04.458494,9.778907873194882,-0.6426202670062379,-7.15323977707518,9.8
2025-09-19T15:57:04.459815,9.77805273339441,-0.6555034271139312,-7.157650927005191,9.8
2025-09-19T15:57:04.461133,9.777179823979335,-0.6683971047000797,-7.162062957907477,9.8
2025-09-19T15:57:04.462453,9.776290399817515,-0.681282627428523,-7.166469484648614,9.8
2025-09-19T15:57:04.463877,9.775314433622421,-0.6951458291705181,-7.171207329518199,9.8
2025-09-19T15:57:04.465200,9.774385030042675,-0.7080941211997651,-7.175629672292102,9.8
2025-09-19T15:57:04.466704,9.773351417897098,-0.7222202311544508,-7.180451178906297,9.8
2025-09-19T15:57:04.467989,9.772381243865745,-0.7352311368141389,-7.184889182888577,9.8
2025-09-19T15:57:04.469320,9.77138732633707,-0.7483246078402637,-7.189352584093876,9.8
2025-09-19T15:57:04.470615,9.770400186425356,-0.7611045901184668,-7.193706450195233,9.8
2025-09-19T15:57:04.471927,9.769393194883108,-0.7739228668101502,-7.198070717030345,9.8
2025-09-19T15:57:04.473242,9.768367885804944,-0.7867584429636858,-7.202438223999014,9.8
2025-09-19T15:57:04.474549,9.767330097156293,-0.799539100472801,-7.206784414169521,9.8
2025-09-19T15:57:04.475858,9.766275005644518,-0.8123253745409976,-7.211129893106274,9.8
2025-09-19T15:57:04.477202,9.765176022940526,-0.8254315483354521,-7.215581375526419,9.8
2025-09-19T15:57:04.478511,9.764086036783004,-0.8382266198941541,-7.219924545137668,9.8
2025-09-19T15:57:04.479820,9.76297948846184,-0.8510179245312013,-7.224263826176539,9.8
2025-09-19T15:57:04.481129,9.761857212809973,-0.8637961314511016,-7.228596063144655,9.8
2025-09-19T15:57:04.482438,9.760718212499226,-0.876572858458386,-7.232925203985321,9.8
2025-09-19T15:57:04.483750,9.759561005207672,-0.8893643716890328,-7.237256760767595,9.8
2025-09-19T15:57:04.485062,9.758385743972557,-0.902168316797473,-7.24158993262582,9.8
2025-09-19T15:57:04.486371,9.757195211763035,-0.9149544248477743,-7.245914482089484,9.8
2025-09-19T15:57:04.487681,9.75598881107913,-0.9277296578739195,-7.250232777199792,9.8
2025-09-19T15:57:04.488989,9.754766132075853,-0.9404986488591737,-7.254546393773353,9.8
2025-09-19T15:57:04.490298,9.753526513285994,-0.9532683539419501,-7.25885768797788,9.8
2025-09-19T15:57:04.491610,9.752268105110092,-0.9660573513267245,-7.263172930717054,9.8
2025-09-19T15:57:04.492919,9.750994794761048,-0.9788260890183467,-7.267478781268639,9.8
2025-09-19T15:57:04.494229,9.749704293359567,-0.9915977975197569,-7.27178308311289,9.8
2025-09-19T15:57:04.495539,9.748396824310557,-1.0043701288727518,-7.276085048394946,9.8
2025-09-19T15:57:04.496849,9.74707310823758,-1.0171360885701748,-7.280382327460135,9.8
2025-09-19T15:57:04.498164,9.745728254636855,-1.0299421278755805,-7.284690551189553,9.8
2025-09-19T15:57:04.499474,9.744369062102782,-1.0427231567075528,-7.2889878219041515,9.8
2025-09-19T15:57:04.500783,9.742995624390359,-1.05547916280254,-7.293274154845165,9.8
2025-09-19T15:57:04.502092,9.741605742938823,-1.0682310373422785,-7.2975565830610165,9.8
2025-09-19T15:57:04.503403,9.740197882887774,-1.080992692939476,-7.301839781548445,9.8
2025-09-19T15:57:04.504712,9.738773826416658,-1.0937478493244506,-7.306118289604256,9.8
2025-09-19T15:57:04.506021,9.73733306659457,-1.1065011297798137,-7.310393664907594,9.8
2025-09-19T15:57:04.507331,9.735875605892613,-1.1192525124319161,-7.314665905625246,9.8
2025-09-19T15:57:04.508640,9.734402526367319,-1.131992691961204,-7.318931902307187,9.8
2025-09-19T15:57:04.509949,9.732912229444057,-1.1447355738066018,-7.323196317978398,9.8
2025-09-19T15:57:04.511259,9.731404699448206,-1.157481133996319,-7.327459147384036,9.8
2025-09-19T15:57:04.512569,9.72988019973687,-1.170227028729226,-7.331719610076017,9.8
2025-09-19T15:57:04.513878,9.728339569935066,-1.182966276795585,-7.335975378659499,9.8
2025-09-19T15:57:04.515189,9.726781120436971,-1.1957127728308798,-7.340231099009848,9.8
2025-09-19T15:57:04.516498,9.725206258047873,-1.208454897142007,-7.344482895071364,9.8
2025-09-19T15:57:04.517808,9.723615285739456,-1.2211903106944573,-7.348729993842667,9.8
2025-09-19T15:57:04.519120,9.722004988343823,-1.2339444908981367,-7.352980892495293,9.8
2025-09-19T15:57:04.520429,9.720380934000989,-1.2466733725840495,-7.357220910483921,9.8
2025-09-19T15:57:04.521739,9.718739913658535,-1.2594024339584688,-7.3614585461304145,9.8
2025-09-19T15:57:04.523054,9.717075551608476,-1.272180303389748,-7.36570997844809,9.8
2025-09-19T15:57:04.524365,9.715399904000021,-1.2849142793806838,-7.369944366748324,9.8
2025-09-19T15:57:04.525674,9.713708806380222,-1.297636784640199,-7.374172512542473,9.8
2025-09-19T15:57:04.526985,9.711999798741148,-1.3103663263575993,-7.378400571882245,9.8
2025-09-19T15:57:04.528295,9.710274424853413,-1.323091302230402,-7.3826246945736695,9.8
2025-09-19T15:57:04.529604,9.708533652225602,-1.3358047475596868,-7.386842577383281,9.8
2025-09-19T15:57:04.530915,9.70677462661205,-1.3485274740102673,-7.391061129678898,9.8
2025-09-19T15:57:04.532225,9.704999577367431,-1.3612432564747483,-7.395274975058485,9.8
2025-09-19T15:57:04.533535,9.70320819815251,-1.3739543890922832,-7.3994848811624845,9.8
2025-09-19T15:57:04.534852,9.701393558291066,-1.3867094241940638,-7.403706921438133,9.8
2025-09-19T15:57:04.536161,9.699566822877188,-1.3994296868868163,-7.407915055246342,9.8
2025-09-19T15:57:04.537471,9.697724755654809,-1.4121382947714012,-7.4121169475649715,9.8
2025-09-19T15:57:04.538781,9.695866716730897,-1.424839854646843,-7.416314130871854,9.8
2025-09-19T15:57:04.540091,9.693991356519128,-1.437543592289443,-7.420509659195807,9.8
2025-09-19T15:57:04.541401,9.692100043127969,-1.4502402400977679,-7.4247004772232446,9.8
2025-09-19T15:57:04.542711,9.690191751593758,-1.4629367099585315,-7.428888872422094,9.8
2025-09-19T15:57:04.544022,9.688266124292056,-1.475635288577431,-7.433075602604175,9.8
2025-09-19T15:57:04.545332,9.68632421090329,-1.4883290231896886,-7.43725838018483,9.8
2025-09-19T15:57:04.546642,9.684366023841013,-1.5010178933889595,-7.441437205110711,9.8
2025-09-19T15:57:04.547957,9.682386522962963,-1.5137341972569716,-7.445622711805854,9.8
2025-09-19T15:57:04.549267,9.680393236075771,-1.5264294267795242,-7.449798936294837,9.8
2025-09-19T15:57:04.550577,9.678385872298415,-1.5391058790396583,-7.45396664919386,9.8
2025-09-19T15:57:04.551888,9.676359318918585,-1.5517958406882857,-7.458136470953893,9.8
2025-09-19T15:57:04.553198,9.674318364912605,-1.5644692947816925,-7.462298542971213,9.8
2025-09-19T15:57:04.554512,9.672255547736958,-1.5771723492604262,-7.466468007791642,9.8
2025-09-19T15:57:04.555824,9.670178324893765,-1.5898588505759987,-7.470629716953076,9.8
2025-09-19T15:57:04.557135,9.668084844031917,-1.6025403110687602,-7.474787456793466,9.8
2025-09-19T15:57:04.558445,9.66597665820927,-1.6152074922292667,-7.4789382075213995,9.8
2025-09-19T15:57:04.559756,9.663851099548387,-1.6278765081410338,-7.483087256600118,9.8
2025-09-19T15:57:04.561066,9.66171010925633,-1.64053581633991,-7.487230829890685,9.8
2025-09-19T15:57:04.562375,9.659553324021395,-1.6531877027086874,-7.491369684061292,9.8
2025-09-19T15:57:04.563686,9.657378382639545,-1.6658459636252176,-7.4955083364481405,9.8
2025-09-19T15:57:04.564996,9.655186853379018,-1.6785013632216628,-7.499643770192432,9.8
2025-09-19T15:57:04.566306,9.652980352809701,-1.6911446739619589,-7.503772977803473,9.8
2025-09-19T15:57:04.567617,9.650755671176682,-1.703794287832633,-7.507901971281985,9.8
2025-09-19T15:57:04.568926,9.648515640732196,-1.7164340740460147,-7.512025490027672,9.8
2025-09-19T15:57:04.570236,9.646259880200368,-1.7290663155694137,-7.516144287218689,9.8
2025-09-19T15:57:04.571548,9.643983428461917,-1.741718585636592,-7.5202673535998255,9.8
2025-09-19T15:57:04.572862,9.641688708604434,-1.754377053648892,-7.524390178803833,9.8
2025-09-19T15:57:04.574172,9.639379480004122,-1.767021007366772,-7.5285060228505625,9.8
2025-09-19T15:57:04.575659,9.636744631522387,-1.7813345858721983,-7.533162647306494,9.8
2025-09-19T15:57:04.576978,9.634395346374351,-1.7939972992622604,-7.537279798865442,9.8
2025-09-19T15:57:04.578287,9.632028991646841,-1.8066592108294124,-7.541394442214525,9.8
2025-09-19T15:57:04.579601,9.629645996131082,-1.8193180011192727,-7.545505828338113,9.8
2025-09-19T15:57:04.580910,9.627253789066405,-1.831934627902038,-7.549601292566382,9.8
2025-09-19T15:57:04.582221,9.624845051882067,-1.8445481092292801,-7.553693516103462,9.8
2025-09-19T15:57:04.583532,9.622418017585238,-1.8571676000972572,-7.5577854719803055,9.8
2025-09-19T15:57:04.584846,9.619970425270733,-1.869804539762502,-7.561880866876724,9.8
2025-09-19T15:57:04.586157,9.617510725164902,-1.8824153238162136,-7.565965575304943,9.8
2025-09-19T15:57:04.587468,9.615032686396729,-1.8950320418194875,-7.570050000159543,9.8
2025-09-19T15:57:04.588777,9.612544009001578,-1.9076157042255373,-7.5741215299667015,9.8
2025-09-19T15:57:04.590086,9.610038862760794,-1.9201960983782989,-7.578189815652131,9.8
2025-09-19T15:57:04.591400,9.607511722218549,-1.9328006900436427,-7.582263737249837,9.8
2025-09-19T15:57:04.592709,9.604970832326416,-1.945388215796226,-7.586329959697345,9.8
2025-09-19T15:57:04.594019,9.60241345057475,-1.9579724012920035,-7.590392925687762,9.8
2025-09-19T15:57:04.595330,9.599839111537833,-1.9705555137038215,-7.594453371846373,9.8
2025-09-19T15:57:04.596640,9.597248756269886,-1.983132953252542,-7.598509819098575,9.8
2025-09-19T15:57:04.597955,9.59463335766772,-1.9957481634539687,-7.6025762739300715,9.8
2025-09-19T15:57:04.599267,9.592005207494998,-2.008341629152988,-7.606633551239973,9.8
2025-09-19T15:57:04.600578,9.5893648641641,-2.0209110574033278,-7.610680927569905,9.8
2025-09-19T15:57:04.601888,9.586709019413435,-2.0334724431614823,-7.614723565008206,9.8
2025-09-19T15:57:04.603199,9.584034768897508,-2.0460394787402514,-7.6187658741968995,9.8
2025-09-19T15:57:04.604508,9.581348461760431,-2.0585824380677717,-7.622798301577451,9.8
2025-09-19T15:57:04.605817,9.57864573922399,-2.0711218704958196,-7.6268274639872065,9.8
2025-09-19T15:57:04.607125,9.575927599483027,-2.0836531883831437,-7.630851893666749,9.8
2025-09-19T15:57:04.608434,9.573192565812601,-2.0961832214456684,-7.634873789728537,9.8
2025-09-19T15:57:04.609743,9.570440633934677,-2.1087119462676847,-7.638893148664384,9.8
2025-09-19T15:57:04.611053,9.56766927088166,-2.12125074496789,-7.642913623111455,9.8
2025-09-19T15:57:04.612364,9.564881480016375,-2.133785901453045,-7.646930816812712,9.8
2025-09-19T15:57:04.613673,9.562078289568294,-2.1463128346461295,-7.650943267974613,9.8
2025-09-19T15:57:04.614984,9.559256119314814,-2.1588474807967133,-7.654956084518311,9.8
2025-09-19T15:57:04.616293,9.556422177021753,-2.1713579102779965,-7.658959052009757,9.8
2025-09-19T15:57:04.617602,9.55357186203469,-2.1838646196454157,-7.662958739042155,9.8
2025-09-19T15:57:04.618912,9.550703084613275,-2.196376695732883,-7.666958054475786,9.8
2025-09-19T15:57:04.620222,9.547817393804076,-2.208887279734381,-7.670954808281592,9.8
2025-09-19T15:57:04.621592,9.544823152858761,-2.221790039731781,-7.67507467030033,9.8
2025-09-19T15:57:04.622889,9.541894584194006,-2.2343338479576187,-7.67907779977468,9.8
2025-09-19T15:57:04.624200,9.538956494469971,-2.246844230606381,-7.683068184649364,9.8
2025-09-19T15:57:04.625510,9.53600415706502,-2.2593416555356707,-7.6870523682439424,9.8
2025-09-19T15:57:04.626820,9.533035446217212,-2.271835201146025,-7.691033252146004,9.8
2025-09-19T15:57:04.628131,9.530049277771813,-2.284329390267739,-7.695012281491949,9.8
2025-09-19T15:57:04.629441,9.527048377007809,-2.2968128400357086,-7.698985836860267,9.8
2025-09-19T15:57:04.630751,9.524031124130314,-2.3092923475812035,-7.702956088616103,9.8
2025-09-19T15:57:04.632062,9.520996417211816,-2.3217724314496824,-7.706924478292456,9.8
2025-09-19T15:57:04.633371,9.517949808877896,-2.3342303733096372,-7.7108837904106196,9.8
2025-09-19T15:57:04.634679,9.514886899703374,-2.3466843174686156,-7.714839801032568,9.8
2025-09-19T15:57:04.635992,9.511799820420853,-2.3591659916677825,-7.7188025858401215,9.8
2025-09-19T15:57:04.637303,9.508697498512541,-2.3716390707233166,-7.722760610464645,9.8
2025-09-19T15:57:04.638614,9.505581662399035,-2.384096738696483,-7.726711721011259,9.8
2025-09-19T15:57:04.639925,9.502446076776046,-2.39656390650522,-7.730663822847012,9.8
2025-09-19T15:57:04.641235,9.499298734523329,-2.409008831923096,-7.734606859848998,9.8
2025-09-19T15:57:04.642544,9.496135093720039,-2.421449624051412,-7.7385465791614845,9.8
2025-09-19T15:57:04.643855,9.492953999225744,-2.433890788138195,-7.74248441147137,9.8
2025-09-19T15:57:04.645165,9.48975835495382,-2.4463209855994346,-7.746416773543574,9.8
2025-09-19T15:57:04.646474,9.486545848215842,-2.458749249048954,-7.750346529048871,9.8
2025-09-19T15:57:04.647785,9.48331647563433,-2.4711755548650283,-7.754273674486776,9.8
2025-09-19T15:57:04.649087,9.480092734656553,-2.4835139907622894,-7.758171083105555,9.8
2025-09-19T15:57:04.650399,9.476827947694973,-2.4959431182996688,-7.762095160436284,9.8
2025-09-19T15:57:04.651707,9.473551649517844,-2.5083498846687506,-7.76601020053907,9.8
2025-09-19T15:57:04.653017,9.470257906808703,-2.5207568662065056,-7.769923335813029,9.8
2025-09-19T15:57:04.654327,9.466947915376181,-2.5331595227214962,-7.7738331382488095,9.8
2025-09-19T15:57:04.655638,9.463618646351307,-2.5455691144480594,-7.777743159862988,9.8
2025-09-19T15:57:04.656947,9.46027615976265,-2.5579630531003548,-7.781646288555639,9.8
2025-09-19T15:57:04.658257,9.456917441576927,-2.570352602892866,-7.785546079381654,9.8
2025-09-19T15:57:04.659568,9.4535406502365,-2.582744504267904,-7.789444657413822,9.8
2025-09-19T15:57:04.660878,9.450148239864212,-2.595129716332373,-7.7933391822779425,9.8
2025-09-19T15:57:04.662188,9.4467414684992,-2.607503715690084,-7.797228238732108,9.8
2025-09-19T15:57:04.663498,9.443315371520317,-2.6198845001274593,-7.801117487297865,9.8
2025-09-19T15:57:04.664808,9.439876813913077,-2.632247279065228,-7.804999145894868,9.8
2025-09-19T15:57:04.666118,9.436420810452022,-2.644610044613008,-7.808878870785725,9.8
2025-09-19T15:57:04.667428,9.43294608243735,-2.6569772685948694,-7.812758067169037,9.8
2025-09-19T15:57:04.668738,9.429458964653639,-2.6693264382448887,-7.816629679561387,9.8
2025-09-19T15:57:04.670048,9.425953761841928,-2.6816777732639707,-7.820500053640654,9.8
2025-09-19T15:57:04.671359,9.42243109582227,-2.6940289984485175,-7.824368478822923,9.8
2025-09-19T15:57:04.672668,9.418894826474906,-2.706366613710025,-7.8282307328782235,9.8
2025-09-19T15:57:04.673984,9.41532943853663,-2.718744482996796,-7.832103674408575,9.8
2025-09-19T15:57:04.675295,9.411752993367795,-2.7310997037516525,-7.835967620427174,9.8
2025-09-19T15:57:04.676605,9.40816818416307,-2.743423302828376,-7.839819780062489,9.8
2025-09-19T15:57:04.677918,9.404559354361854,-2.75576910322417,-7.843676982499881,9.8
2025-09-19T15:57:04.679230,9.400934983849897,-2.768107915061686,-7.847530107224965,9.8
2025-09-19T15:57:04.680540,9.397298402229579,-2.780428517234966,-7.851375658727033,9.8
2025-09-19T15:57:04.681850,9.393647671104567,-2.79273762304155,-7.855215741970657,9.8
2025-09-19T15:57:04.683162,9.389978141732742,-2.805050890408471,-7.859055246211311,9.8
2025-09-19T15:57:04.684471,9.3862971740032,-2.8173436711376842,-7.862886492158885,9.8
2025-09-19T15:57:04.685785,9.382588644428354,-2.829669650232002,-7.866726211464132,9.8
2025-09-19T15:57:04.687097,9.378867994015819,-2.841977331159716,-7.870558361557496,9.8
2025-09-19T15:57:04.688407,9.375136643008458,-2.8542622382885745,-7.874381560961726,9.8
2025-09-19T15:57:04.689716,9.371389884063777,-2.866540012082006,-7.878200686654398,9.8
2025-09-19T15:57:04.691027,9.367626359667126,-2.878815100986801,-7.882017127286348,9.8
2025-09-19T15:57:04.692337,9.363845378209113,-2.891089713757052,-7.885831572980085,9.8
2025-09-19T15:57:04.693647,9.360051774123242,-2.9033482026330146,-7.889639167471588,9.8
2025-09-19T15:57:04.694957,9.356238646417278,-2.915612867183807,-7.8934468421090065,9.8
2025-09-19T15:57:04.696267,9.352412240314225,-2.9278636046135538,-7.89724836019524,9.8
2025-09-19T15:57:04.697576,9.34857119547634,-2.940104862604407,-7.901045109778933,9.8
2025-09-19T15:57:04.698891,9.344698642439345,-2.952390096513716,-7.904853665496738,9.8
2025-09-19T15:57:04.700202,9.340819133797938,-2.9646412784136875,-7.908649838261084,9.8
2025-09-19T15:57:04.701512,9.336927112214616,-2.9768762320915636,-7.91243916483714,9.8
2025-09-19T15:57:04.702823,9.333016214201757,-2.9891149769533945,-7.916227850881481,9.8
2025-09-19T15:57:04.704132,9.329095713953667,-3.00132856580071,-7.92000694270046,9.8
2025-09-19T15:57:04.705440,9.325159948965238,-3.0135347892822866,-7.923781954816981,9.8
2025-09-19T15:57:04.706749,9.321208213316222,-3.025735851657613,-7.927553574282693,9.8
2025-09-19T15:57:04.708061,9.317230373531483,-3.037962831659137,-7.93133140620979,9.8
2025-09-19T15:57:04.709371,9.313244494559427,-3.0501601571980643,-7.9350982835923665,9.8
2025-09-19T15:57:04.710682,9.309236806903465,-3.062370009158559,-7.938867239403676,9.8
2025-09-19T15:57:04.712054,9.305026903760318,-3.0751380977602714,-7.942806599623671,9.8
2025-09-19T15:57:04.713375,9.300976900485175,-3.087365980353023,-7.946577458486756,9.8
2025-09-19T15:57:04.714680,9.29692043531314,-3.0995597138072606,-7.950336005330566,9.8
2025-09-19T15:57:04.715990,9.29285095155397,-3.111739255175873,-7.954088404736384,9.8
2025-09-19T15:57:04.717300,9.288767001446107,-3.1239090244189076,-7.9578360261853005,9.8
2025-09-19T15:57:04.718610,9.284667861708254,-3.1360712201354564,-7.9615795529947295,9.8
2025-09-19T15:57:04.719920,9.28054829388846,-3.1482413129879405,-7.965323749455568,9.8
2025-09-19T15:57:04.721230,9.276417294833546,-3.1603927243482066,-7.969060443321172,9.8
2025-09-19T15:57:04.722540,9.27226887264799,-3.1725431365583003,-7.972795078837514,9.8
2025-09-19T15:57:04.723853,9.268096942735012,-3.1847102003268573,-7.976533080330175,9.8
2025-09-19T15:57:04.725164,9.263914382560898,-3.19685631716243,-7.98026290006137,9.8
2025-09-19T15:57:04.726472,9.25972202520597,-3.2089792794462597,-7.9839838720582765,9.8
2025-09-19T15:57:04.727782,9.255510731601905,-3.221105570639059,-7.987704131734688,9.8
2025-09-19T15:57:04.729092,9.251283557729835,-3.2332263351763104,-7.991420965157819,9.8
2025-09-19T15:57:04.730403,9.247037415839499,-3.24535037092521,-7.995137073092215,9.8
2025-09-19T15:57:04.731714,9.242775385108327,-3.2574688303091426,-7.998849746589493,9.8
2025-09-19T15:57:04.733023,9.238502150024289,-3.2695684767254223,-8.002554938015395,9.8
2025-09-19T15:57:04.734333,9.234211510573822,-3.2816669206343843,-8.006258046747462,9.8
2025-09-19T15:57:04.735647,9.229894818539737,-3.293788341513965,-8.009966471429106,9.8
2025-09-19T15:57:04.736957,9.22556773246533,-3.305888687432557,-8.013666736795306,9.8
2025-09-19T15:57:04.738267,9.221227947176972,-3.317974554785249,-8.017360869915219,9.8
2025-09-19T15:57:04.739579,9.216869947077491,-3.3300613175525444,-8.02105357518621,9.8
2025-09-19T15:57:04.740887,9.212504869296755,-3.3421181955735206,-8.024735457216659,9.8
2025-09-19T15:57:04.742195,9.208123219845024,-3.3541715472156355,-8.028414574581747,9.8
2025-09-19T15:57:04.743505,9.203723392464804,-3.3662257373795037,-8.032092262490488,9.8
2025-09-19T15:57:04.744815,9.199306174278826,-3.378278542671621,-8.03576784502209,9.8
2025-09-19T15:57:04.746125,9.194873172258575,-3.3903255516365327,-8.039439980683916,9.8
2025-09-19T15:57:04.747436,9.190421149256075,-3.402375508274574,-8.043111337694226,9.8
2025-09-19T15:57:04.748750,9.185944379990964,-3.4144437098468066,-8.046786574667514,9.8
2025-09-19T15:57:04.750064,9.181450946694351,-3.426508210036191,-8.050459007359601,9.8
2025-09-19T15:57:04.751376,9.176944127762427,-3.438560232993849,-8.054125970064652,9.8
2025-09-19T15:57:04.752685,9.172435474393506,-3.450569151326716,-8.057778157873354,9.8
2025-09-19T15:57:04.753994,9.167911106201979,-3.462572157916485,-8.06142689440218,9.8
2025-09-19T15:57:04.755305,9.163367717327684,-3.474577971068836,-8.06507483277355,9.8
2025-09-19T15:57:04.756614,9.15880694375011,-3.4865821899268035,-8.068720637786473,9.8
2025-09-19T15:57:04.757924,9.154232112634292,-3.498576057200288,-8.072361654452891,9.8
2025-09-19T15:57:04.759234,9.149638227081825,-3.510572647521054,-8.076001855674203,9.8
2025-09-19T15:57:04.760544,9.14503365910366,-3.5225501236832883,-8.079634620825878,9.8
2025-09-19T15:57:04.761854,9.140411726439579,-3.5345259188702864,-8.083265243851919,9.8
2025-09-19T15:57:04.763164,9.135770728784205,-3.5465043621980423,-8.086895039183483,9.8
2025-09-19T15:57:04.764474,9.131118275501729,-3.5584658265604223,-8.090518064385375,9.8
2025-09-19T15:57:04.765784,9.12644930982702,-3.570423363574398,-8.094138279119932,9.8
2025-09-19T15:57:04.767095,9.121760414793192,-3.582385648574418,-8.097758311904267,9.8
2025-09-19T15:57:04.768405,9.117060982213095,-3.59432873379823,-8.101370920752322,9.8
2025-09-19T15:57:04.769715,9.112345052804994,-3.606267826801051,-8.104980712581934,9.8
2025-09-19T15:57:04.771025,9.10761176347375,-3.618205075149084,-8.10858834003987,9.8
2025-09-19T15:57:04.772335,9.102865432728299,-3.630129600116263,-8.112190520480254,9.8
2025-09-19T15:57:04.773649,9.098088727586395,-3.6420847745440206,-8.115800354571673,9.8
2025-09-19T15:57:04.774961,9.093301548348835,-3.6540206554967214,-8.119402762022213,9.8
2025-09-19T15:57:04.776270,9.088508324613725,-3.6659264086212944,-8.122994484932534,9.8
2025-09-19T15:57:04.777576,9.083717926811925,-3.6777803939490035,-8.126569013449041,9.8
2025-09-19T15:57:04.778887,9.078887436940962,-3.6896887277053048,-8.130158348135417,9.8
2025-09-19T15:57:04.780196,9.074045748436994,-3.70157989989039,-8.133740929576188,9.8
2025-09-19T15:57:04.781506,9.069189370706626,-3.7134625564642465,-8.137319369833952,9.8
2025-09-19T15:57:04.782817,9.064313879627559,-3.7253474860194187,-8.140896921193338,9.8
2025-09-19T15:57:04.784127,9.05942815981015,-3.737213054836303,-8.14446707702216,9.8
2025-09-19T15:57:04.785441,9.054511711972584,-3.749108915162549,-8.148044776772922,9.8
2025-09-19T15:57:04.786751,9.049588610679924,-3.760976731841373,-8.15161247766494,9.8
2025-09-19T15:57:04.788062,9.044649954158416,-3.772838083822599,-8.155176675629459,9.8
2025-09-19T15:57:04.789372,9.03969936025741,-3.784684329790505,-8.15873478034269,9.8
2025-09-19T15:57:04.790682,9.034734155884635,-3.7965219257224843,-8.162288737605413,9.8
2025-09-19T15:57:04.791993,9.02975072609561,-3.8083594663024916,-8.165841131499082,9.8
2025-09-19T15:57:04.793302,9.024754518875772,-3.820184010493649,-8.169388083046298,9.8
2025-09-19T15:57:04.794612,9.019742827311028,-3.8320020001523045,-8.172931530408555,9.8
2025-09-19T15:57:04.795923,9.014711994250028,-3.843822012102629,-8.176474048103064,9.8
2025-09-19T15:57:04.797232,9.009671187065825,-3.85562253092233,-8.180009193241743,9.8
2025-09-19T15:57:04.798547,9.004597413361793,-3.867457229663712,-8.18355304408496,9.8
2025-09-19T15:57:04.799858,8.999518267937367,-3.8792616494716676,-8.187086299924484,9.8
2025-09-19T15:57:04.801168,8.994429213918632,-3.8910465322078944,-8.190612187609586,9.8
2025-09-19T15:57:04.802477,8.989324727586045,-3.902824738828287,-8.19413456200584,9.8
2025-09-19T15:57:04.803788,8.984201084443711,-3.914604817127835,-8.197655982287035,9.8
2025-09-19T15:57:04.805098,8.97906574856438,-3.926369606004762,-8.201171323013766,9.8
2025-09-19T15:57:04.806408,8.973915945653818,-3.9381255186116357,-8.204682507032008,9.8
2025-09-19T15:57:04.807718,8.968746042605963,-3.9498853683670223,-8.208193364254914,9.8
2025-09-19T15:57:04.809028,8.963566396055066,-3.9616256087006017,-8.211696869870012,9.8
2025-09-19T15:57:04.810338,8.958370434015904,-3.973361192611327,-8.215197492683638,9.8
2025-09-19T15:57:04.811648,8.953155306644062,-3.98509850005132,-8.218697138248341,9.8
2025-09-19T15:57:04.812958,8.94792956557881,-3.9968182957748546,-8.22219007620821,9.8
2025-09-19T15:57:04.814268,8.942687527449168,-4.008533370998064,-8.2256801249435,9.8
2025-09-19T15:57:04.815578,8.937424400356383,-4.020254356121558,-8.2291704530284,9.8
2025-09-19T15:57:04.816888,8.932151678600427,-4.031955653336925,-8.23265344232046,9.8
2025-09-19T15:57:04.818198,8.926862672881068,-4.043652163517864,-8.236133534689534,9.8
2025-09-19T15:57:04.819508,8.92155545016734,-4.055348116942545,-8.239611991654613,9.8
2025-09-19T15:57:04.820818,8.9162358124216,-4.067030727360014,-8.243085014972493,9.8
2025-09-19T15:57:04.822128,8.91090184896252,-4.078704235189937,-8.246553871310773,9.8
2025-09-19T15:57:04.823442,8.905537973705325,-4.090402596186891,-8.250028649726968,9.8
2025-09-19T15:57:04.824752,8.900167542796515,-4.1020748055284715,-8.253494202281209,9.8
2025-09-19T15:57:04.826063,8.894783775079995,-4.113735722500134,-8.256954949631895,9.8
2025-09-19T15:57:04.827374,8.889381778635329,-4.125395931745972,-8.260414037174849,9.8
2025-09-19T15:57:04.828684,8.8839714012147,-4.137034220598053,-8.263865178046558,9.8
2025-09-19T15:57:04.829993,8.878546775666752,-4.148663297050935,-8.267312148186349,9.8
2025-09-19T15:57:04.831304,8.873098992590252,-4.160302184660854,-8.27076058804982,9.8
2025-09-19T15:57:04.832613,8.867647888065529,-4.17190854804932,-8.2741979602522,9.8
2025-09-19T15:57:04.833921,8.86218259939346,-4.183505656146266,-8.277631165684825,9.8
2025-09-19T15:57:04.835236,8.856679139559695,-4.195144171406766,-8.281075198299625,9.8
2025-09-19T15:57:04.836561,8.851109242821334,-4.2068830708307985,-8.284547485956667,9.8
2025-09-19T15:57:04.837873,8.845584133874068,-4.2184880384511425,-8.287978727555386,9.8
2025-09-19T15:57:04.839250,8.839765435592588,-4.230667446597829,-8.291578286932433,9.8
2025-09-19T15:57:04.840573,8.83419093636066,-4.242295428176024,-8.29501341759388,9.8
2025-09-19T15:57:04.841879,8.828611283588312,-4.25389501554718,-8.298438743292692,9.8
2025-09-19T15:57:04.843193,8.823015383207258,-4.265489367902362,-8.301861110782424,9.8
2025-09-19T15:57:04.844503,8.817420572003877,-4.277042723237966,-8.305269974170981,9.8
2025-09-19T15:57:04.845812,8.811809609712137,-4.288590841078787,-8.308675894586697,9.8
2025-09-19T15:57:04.847123,8.806181472470758,-4.300135797147896,-8.31207948747031,9.8
2025-09-19T15:57:04.848474,8.800368585387865,-4.312019568754114,-8.315581512251272,9.8
2025-09-19T15:57:04.849785,8.79470666015094,-4.323555800715046,-8.318979710487563,9.8
2025-09-19T15:57:04.851096,8.78902857873509,-4.335086693732648,-8.322374949453431,9.8
2025-09-19T15:57:04.852405,8.78334470576601,-4.346591282797616,-8.325761063452898,9.8
2025-09-19T15:57:04.853714,8.777647851721758,-4.3580842340602395,-8.329142377633797,9.8
2025-09-19T15:57:04.855024,8.771932833869087,-4.369575992941358,-8.33252196909271,9.8
2025-09-19T15:57:04.856334,8.766199637351429,-4.381066527467906,-8.33589983052776,9.8
2025-09-19T15:57:04.857644,8.760454530949279,-4.392543273682146,-8.33927227286905,9.8
2025-09-19T15:57:04.858955,8.754689149151536,-4.404022922479897,-8.342644204336626,9.8
2025-09-19T15:57:04.860265,8.74891188270259,-4.415488746300396,-8.346010715118448,9.8
2025-09-19T15:57:04.861574,8.743121710656284,-4.426942822383269,-8.349372421306768,9.8
2025-09-19T15:57:04.862885,8.737310193765026,-4.438401804470812,-8.352734213531937,9.8
2025-09-19T15:57:04.864195,8.7314900239736,-4.449840666950841,-8.356088754199487,9.8
2025-09-19T15:57:04.865506,8.725652751161746,-4.461276058051491,-8.359440931333404,9.8
2025-09-19T15:57:04.866816,8.719799435366472,-4.47270587083284,-8.362790130517501,9.8
2025-09-19T15:57:04.868124,8.713937562150086,-4.484115538537097,-8.36613208949224,9.8
2025-09-19T15:57:04.869433,8.708060759640013,-4.495517523758283,-8.369470465114002,9.8
2025-09-19T15:57:04.870742,8.702170112436043,-4.50690973220286,-8.372804648849394,9.8
2025-09-19T15:57:04.872052,8.696258098049418,-4.518306662026157,-8.376138886380058,9.8
2025-09-19T15:57:04.873362,8.690332237471335,-4.529693764744643,-8.379468923938363,9.8
2025-09-19T15:57:04.874676,8.684375226139448,-4.541104153354714,-8.382804444303714,9.8
2025-09-19T15:57:04.875988,8.678408660003408,-4.552496362434336,-8.386133326863355,9.8
2025-09-19T15:57:04.877298,8.67243694252147,-4.563862123025724,-8.38945316470782,9.8
2025-09-19T15:57:04.878612,8.666438340749126,-4.57524277891278,-8.392776037561864,9.8
2025-09-19T15:57:04.879923,8.66042480439058,-4.586615550435464,-8.396095294667266,9.8
2025-09-19T15:57:04.881231,8.654418268589525,-4.5979391505655975,-8.399398897407567,9.8
2025-09-19T15:57:04.882543,8.648383739846198,-4.609279627920604,-8.402706122244844,9.8
2025-09-19T15:57:04.883854,8.64233104598482,-4.6206183667997225,-8.406011539209226,9.8
2025-09-19T15:57:04.885170,8.636250233968822,-4.631973866104327,-8.40932053996702,9.8
2025-09-19T15:57:04.886479,8.630170000232194,-4.64329255669856,-8.412617519406368,9.8
2025-09-19T15:57:04.887790,8.624072712711543,-4.654607378272004,-8.415912080905601,9.8
2025-09-19T15:57:04.889101,8.617968377663741,-4.665899810496127,-8.419198837860465,9.8
2025-09-19T15:57:04.890410,8.611849256219871,-4.677184237139398,-8.422481983476311,9.8
2025-09-19T15:57:04.891721,8.605712005428327,-4.688466794126497,-8.425763306147392,9.8
2025-09-19T15:57:04.893033,8.599553250097431,-4.699753599789964,-8.429044586367475,9.8
2025-09-19T15:57:04.894344,8.593383061176405,-4.711026168881515,-8.432320453322408,9.8
2025-09-19T15:57:04.895655,8.587202599343385,-4.722282447909084,-8.435590316910519,9.8
2025-09-19T15:57:04.896965,8.581008521733494,-4.7335285728446985,-8.438855965528681,9.8
2025-09-19T15:57:04.898274,8.574801978261796,-4.744762484424021,-8.442116806445982,9.8
2025-09-19T15:57:04.899592,8.568551245833,-4.7560413736145914,-8.445389436296677,9.8
2025-09-19T15:57:04.900901,8.562310683123844,-4.767267117087455,-8.448645386908396,9.8
2025-09-19T15:57:04.902211,8.556059970579955,-4.778476512429389,-8.451895344294321,9.8
2025-09-19T15:57:04.903521,8.549788873456931,-4.78968790416579,-8.455144630957674,9.8
2025-09-19T15:57:04.904831,8.5435088086514,-4.800880881306677,-8.458387335562419,9.8
2025-09-19T15:57:04.906140,8.53721523782617,-4.812063588838856,-8.46162582399567,9.8
2025-09-19T15:57:04.907451,8.530901280066963,-4.823248215648026,-8.46486362894733,9.8
2025-09-19T15:57:04.908761,8.524576127156516,-4.8344184606127385,-8.46809603494212,9.8
2025-09-19T15:57:04.910071,8.51823519281238,-4.84558244176411,-8.47132539598404,9.8
2025-09-19T15:57:04.911381,8.511879637869807,-4.856738106014918,-8.474551122004817,9.8
2025-09-19T15:57:04.912691,8.505507152047771,-4.867889489960124,-8.4777743836932,9.8
2025-09-19T15:57:04.914001,8.499127036347986,-4.879020354540318,-8.480990492698808,9.8
2025-09-19T15:57:04.915312,8.492723026854229,-4.890159055607491,-8.484207645530413,9.8
2025-09-19T15:57:04.916622,8.486309093551082,-4.901281257866378,-8.487418816315433,9.8
2025-09-19T15:57:04.917931,8.479884108063649,-4.912388982339405,-8.49062459501438,9.8
2025-09-19T15:57:04.919242,8.473436366721801,-4.923502426029307,-8.49383081345182,9.8
2025-09-19T15:57:04.920557,8.466963471953987,-4.934625574914159,-8.497038620430025,9.8
2025-09-19T15:57:04.921869,8.460480692368096,-4.945732145402405,-8.500240438509477,9.8
2025-09-19T15:57:04.923181,8.453982161905257,-4.956832214851309,-8.503439177930975,9.8
2025-09-19T15:57:04.924496,8.447460777137273,-4.967937843685983,-8.50663831569565,9.8
2025-09-19T15:57:04.925829,8.440825085771554,-4.97920393952785,-8.509882449463475,9.8
2025-09-19T15:57:04.927141,8.43428502026195,-4.990274160503099,-8.513068975784538,9.8
2025-09-19T15:57:04.928515,8.427421585449173,-5.0018561975635984,-8.516401550423844,9.8
2025-09-19T15:57:04.929839,8.42082551745784,-5.012952982477582,-8.519593277506864,9.8
2025-09-19T15:57:04.931147,8.414228013856253,-5.024019001838735,-8.522774965292104,9.8
2025-09-19T15:57:04.932456,8.407641177593112,-5.035034243065357,-8.525940874239057,9.8
2025-09-19T15:57:04.933767,8.401033905701127,-5.046050863324713,-8.529106004165447,9.8
2025-09-19T15:57:04.935078,8.3944097872302,-5.057062815909432,-8.532268619655397,9.8
2025-09-19T15:57:04.936392,8.38776035955174,-5.068084071000843,-8.535432733488335,9.8
2025-09-19T15:57:04.937703,8.381108571254208,-5.079076600805433,-8.538587432587818,9.8
2025-09-19T15:57:04.939014,8.374441163204908,-5.090062396868945,-8.541739035153078,9.8
2025-09-19T15:57:04.940323,8.367770300817618,-5.101021485227704,-8.544881817650596,9.8
2025-09-19T15:57:04.941632,8.361086315778952,-5.111969837557139,-8.548020367548851,9.8
2025-09-19T15:57:04.942942,8.354383120383725,-5.122917399084969,-8.551157538925146,9.8
2025-09-19T15:57:04.944252,8.347664366835478,-5.133858161136249,-8.554291612376073,9.8
2025-09-19T15:57:04.945561,8.340934965293055,-5.144784145593647,-8.55742030716085,9.8
2025-09-19T15:57:04.946872,8.334185117015096,-5.155711244370081,-8.560548177389892,9.8
2025-09-19T15:57:04.948181,8.327425880903359,-5.1666215458518865,-8.563670099593645,9.8
2025-09-19T15:57:04.949496,8.32063261135526,-5.177554726591632,-8.566797427294462,9.8
2025-09-19T15:57:04.950808,8.31382746156575,-5.188475010956034,-8.56991992691207,9.8
2025-09-19T15:57:04.952118,8.307022855157769,-5.199362584383444,-8.573031941120881,9.8
2025-09-19T15:57:04.953428,8.30020523289179,-5.210239254763236,-8.576139711335157,9.8
2025-09-19T15:57:04.954738,8.293374614244838,-5.221105008309954,-8.57924323823021,9.8
2025-09-19T15:57:04.956048,8.286522286917622,-5.231973660906327,-8.582346470426431,9.8
2025-09-19T15:57:04.957358,8.279665715882974,-5.242817528126655,-8.585441508030943,9.8
2025-09-19T15:57:04.958666,8.272797459545465,-5.253648464956338,-8.588531741705685,9.8
2025-09-19T15:57:04.959977,8.265906248823182,-5.2644841993936975,-8.591622231978612,9.8
2025-09-19T15:57:04.961287,8.25900210316452,-5.275308925543988,-8.594708472959717,9.8
2025-09-19T15:57:04.962597,8.25208630247173,-5.286120662315464,-8.597789904699102,9.8
2025-09-19T15:57:04.963907,8.245148770985702,-5.296935127440489,-8.60087100963957,9.8
2025-09-19T15:57:04.965217,8.23820465978802,-5.307728702886665,-8.603945062826975,9.8
2025-09-19T15:57:04.966528,8.231243882858449,-5.318517099803796,-8.607016544020269,9.8
2025-09-19T15:57:04.967838,8.224265166107031,-5.3293022505351,-8.610086005820268,9.8
2025-09-19T15:57:04.969147,8.217281230111965,-5.340064530064182,-8.613147868074394,9.8
2025-09-19T15:57:04.970456,8.210284486332567,-5.350815699824352,-8.616205483224,9.8
2025-09-19T15:57:04.971766,8.203268562967612,-5.3615655254624395,-8.619261631646063,9.8
2025-09-19T15:57:04.973076,8.19623728387558,-5.372308106057195,-8.622314638174617,9.8
2025-09-19T15:57:04.974389,8.189179102664278,-5.383060990225423,-8.625369490758327,9.8
2025-09-19T15:57:04.975701,8.182109386402967,-5.393800699779003,-8.628419520915585,9.8
2025-09-19T15:57:04.977011,8.175038470927404,-5.404511633705395,-8.631460305484607,9.8
2025-09-19T15:57:04.978325,8.167935458854446,-5.4152405615991075,-8.634505124894861,9.8
2025-09-19T15:57:04.979636,8.160823540730663,-5.425952371432712,-8.637544015518548,9.8
2025-09-19T15:57:04.980946,8.153704055642594,-5.436645121119964,-8.640576432940561,9.8
2025-09-19T15:57:04.982256,8.146577054063636,-5.447318817749137,-8.643602385982986,9.8
2025-09-19T15:57:04.983566,8.139433477402402,-5.457987052654214,-8.646625732504308,9.8
2025-09-19T15:57:04.984876,8.13227593031353,-5.468645919534674,-8.64964536878362,9.8
2025-09-19T15:57:04.986190,8.125088748659005,-5.479318646183563,-8.652667875649652,9.8
2025-09-19T15:57:04.987501,8.117891486960657,-5.489976120706877,-8.655685009949456,9.8
2025-09-19T15:57:04.988812,8.110692049170085,-5.500606737763497,-8.658693493538221,9.8
2025-09-19T15:57:04.990121,8.103478690283321,-5.511227913643576,-8.661698261706738,9.8
2025-09-19T15:57:04.991432,8.09624878966205,-5.521843490709944,-8.664700404773308,9.8
2025-09-19T15:57:04.992744,8.088999706458637,-5.532457297522693,-8.667701007641023,9.8
2025-09-19T15:57:04.994054,8.08174596002615,-5.543048099881599,-8.670694071954093,9.8
2025-09-19T15:57:04.995365,8.074469078598232,-5.553642867412435,-8.673687223454678,9.8
2025-09-19T15:57:04.996676,8.067187594261355,-5.564214618344235,-8.676672843313083,9.8
2025-09-19T15:57:04.997984,8.059893597668147,-5.574774900771155,-8.679654198974672,9.8
2025-09-19T15:57:04.999299,8.052564470851982,-5.585356339820436,-8.682640500741703,9.8
2025-09-19T15:57:05.000609,8.045233459732877,-5.59591088013333,-8.6856181882842,9.8
2025-09-19T15:57:05.001919,8.037896634819974,-5.606444299906111,-8.688588899789192,9.8
2025-09-19T15:57:05.003231,8.030536644438904,-5.616981502757862,-8.691559662311105,9.8
2025-09-19T15:57:05.004540,8.023172232330303,-5.627495653518,-8.694522914009612,9.8
2025-09-19T15:57:05.005851,8.015794054355183,-5.638000148826186,-8.697482436271333,9.8
2025-09-19T15:57:05.007162,8.008396736344533,-5.648502608064038,-8.700440378481643,9.8
2025-09-19T15:57:05.008472,8.000985657803309,-5.658995361689721,-8.703394583280689,9.8
2025-09-19T15:57:05.009782,7.993566238297985,-5.669470768417684,-8.706342904184664,9.8
2025-09-19T15:57:05.011093,7.98612768690989,-5.679944063841766,-8.709289633077125,9.8
2025-09-19T15:57:05.012403,7.978678126652181,-5.690403795099436,-8.71223155087072,9.8
2025-09-19T15:57:05.013714,7.971214866900615,-5.700853755859963,-8.715169728910265,9.8
2025-09-19T15:57:05.015024,7.96373928214806,-5.711292029477386,-8.718103632352577,9.8
2025-09-19T15:57:05.016334,7.95625002852731,-5.721720500300517,-8.72103379488192,9.8
2025-09-19T15:57:05.017643,7.948749852188869,-5.732135360171412,-8.723959150800738,9.8
2025-09-19T15:57:05.018955,7.941227827861372,-5.742551748656703,-8.72688395525103,9.8
2025-09-19T15:57:05.020264,7.9336990115080654,-5.752948808636832,-8.72980235528391,9.8
2025-09-19T15:57:05.021574,7.926157956889286,-5.763334108173902,-8.732716480571904,9.8
2025-09-19T15:57:05.022884,7.918597801565653,-5.7737170745577435,-8.735628979377099,9.8
2025-09-19T15:57:05.024198,7.911013012667909,-5.784105212856958,-8.738541957500638,9.8
2025-09-19T15:57:05.025509,7.903421503491801,-5.794473965610978,-8.74144853165045,9.8
2025-09-19T15:57:05.026820,7.8958136363174445,-5.804836519708673,-8.744352402926847,9.8
2025-09-19T15:57:05.028130,7.888203273890179,-5.8151740395097615,-8.747248298384918,9.8
2025-09-19T15:57:05.029440,7.880579377171214,-5.825501581847161,-8.750140441790126,9.8
2025-09-19T15:57:05.030750,7.8729433506088355,-5.835817251945449,-8.753028306508137,9.8
2025-09-19T15:57:05.032061,7.865284064072953,-5.846136039422968,-8.755916091030826,9.8
2025-09-19T15:57:05.033371,7.857619630780914,-5.8564335339834965,-8.758796967421905,9.8
2025-09-19T15:57:05.034680,7.8499445131411445,-5.866717237144233,-8.761673040122346,9.8
2025-09-19T15:57:05.036481,7.839440058876056,-5.8807465141161614,-8.765595126354468,9.8
2025-09-19T15:57:05.038010,7.830393001760687,-5.892787577876644,-8.768959980042991,9.8
2025-09-19T15:57:05.039316,7.8226660834953075,-5.903041194683652,-8.771824317321336,9.8
2025-09-19T15:57:05.040627,7.814924328660954,-5.913286542803685,-8.774685410870186,9.8
2025-09-19T15:57:05.041935,7.807180453707025,-5.923506846729815,-8.777538581457566,9.8
2025-09-19T15:57:05.043248,7.799400577328592,-5.933746761900649,-8.780396297053635,9.8
2025-09-19T15:57:05.044558,7.791617190333966,-5.943963455413589,-8.783246605414572,9.8
2025-09-19T15:57:05.045866,7.783830357245031,-5.954156948689772,-8.786089519722633,9.8
2025-09-19T15:57:05.047175,7.776028766373793,-5.964342094860697,-8.788929187609684,9.8
2025-09-19T15:57:05.048493,7.768181086100883,-5.97455961670352,-8.791776960424283,9.8
2025-09-19T15:57:05.049843,7.760188705459951,-5.984937030216091,-8.794668353500253,9.8
2025-09-19T15:57:05.051147,7.752312534604629,-5.99513555858514,-8.797508979084204,9.8
2025-09-19T15:57:05.052482,7.744359961957353,-6.005404963833156,-8.800368419718716,9.8
2025-09-19T15:57:05.053778,7.7364798395183145,-6.015553149355983,-8.803193195190273,9.8
2025-09-19T15:57:05.055093,7.728560559405775,-6.025724162256145,-8.80602341554093,9.8
2025-09-19T15:57:05.056409,7.720640859237985,-6.035868183009382,-8.808845219252406,9.8
2025-09-19T15:57:05.057728,7.7126963128308095,-6.046016505604831,-8.811667315409931,9.8
2025-09-19T15:57:05.059037,7.704735539266968,-6.056158045325152,-8.814486622719059,9.8
2025-09-19T15:57:05.060348,7.6967932492969595,-6.066248731924596,-8.817290898367283,9.8
2025-09-19T15:57:05.061658,7.688839192542593,-6.076327169534321,-8.820090879957995,9.8
2025-09-19T15:57:05.062969,7.680863232089303,-6.086406165376961,-8.82289012797661,9.8
2025-09-19T15:57:05.064279,7.6728842340665375,-6.0964618862593705,-8.825682027054393,9.8
2025-09-19T15:57:05.065589,7.664892071188636,-6.106507147054656,-8.828470140435874,9.8
2025-09-19T15:57:05.066900,7.656878007377006,-6.116552883785633,-8.831257505618868,9.8
2025-09-19T15:57:05.068209,7.648863923677035,-6.126571690356032,-8.834036522606445,9.8
2025-09-19T15:57:05.069518,7.640838193737984,-6.136578174937142,-8.836811249381306,9.8
2025-09-19T15:57:05.070857,7.632630842531494,-6.146783420752434,-8.839640194130467,9.8
2025-09-19T15:57:05.072168,7.624553716848925,-6.156799543503529,-8.842415832970495,9.8
2025-09-19T15:57:05.073479,7.616473739208006,-6.166792341238257,-8.845184140088179,9.8
2025-09-19T15:57:05.074790,7.60838508291163,-6.176769093152811,-8.847947137977757,9.8
2025-09-19T15:57:05.076101,7.600278933065216,-6.186740671759654,-8.850707841275877,9.8
2025-09-19T15:57:05.077411,7.592167101477622,-6.1966925616203445,-8.853462235303187,9.8
2025-09-19T15:57:05.078721,7.58404075900691,-6.206635623727392,-8.856213330552976,9.8
2025-09-19T15:57:05.080033,7.575893983907855,-6.216577060134361,-8.858963121870323,9.8
2025-09-19T15:57:05.081343,7.567744568817287,-6.226495173140061,-8.861705611697237,9.8
2025-09-19T15:57:05.082653,7.559579195517032,-6.23640620764123,-8.864445296657994,9.8
2025-09-19T15:57:05.083964,7.5513978638493064,-6.24631013493984,-8.867182171423186,9.8
2025-09-19T15:57:05.085273,7.543213998050443,-6.256190740347985,-8.869911759860136,9.8
2025-09-19T15:57:05.086582,7.535018697955474,-6.266058826843346,-8.872637051718751,9.8
2025-09-19T15:57:05.087892,7.526800014292919,-6.275928739624131,-8.875362010879233,9.8
2025-09-19T15:57:05.089202,7.51857289825766,-6.285782494931352,-8.878081674841905,9.8
2025-09-19T15:57:05.090512,7.510334383122895,-6.295623674718977,-8.880797036647273,9.8
2025-09-19T15:57:05.091821,7.502084490057778,-6.305452268000651,-8.883508097210425,9.8
2025-09-19T15:57:05.093131,7.493817217524274,-6.315275410489772,-8.886216827840737,9.8
2025-09-19T15:57:05.094441,7.485537082691264,-6.325087713514649,-8.888921745421195,9.8
2025-09-19T15:57:05.095752,7.477239568702945,-6.33489450837368,-8.891624322418881,9.8
2025-09-19T15:57:05.097061,7.468939795685798,-6.3446779530895805,-8.894319646276434,9.8
2025-09-19T15:57:05.098370,7.460628736744175,-6.354448744971277,-8.897010669340533,9.8
2025-09-19T15:57:05.099681,7.4522973090271565,-6.364217533826653,-8.899700327300387,9.8
2025-09-19T15:57:05.100990,7.443954609948862,-6.373973624437201,-8.902385677993415,9.8
2025-09-19T15:57:05.102300,7.435599138804534,-6.383718778816098,-8.90506721008881,9.8
2025-09-19T15:57:05.103610,7.427229385612001,-6.39345475103262,-8.907745409477073,9.8
2025-09-19T15:57:05.104920,7.418846884410533,-6.4031797495988,-8.910419786577629,9.8
2025-09-19T15:57:05.106231,7.4104531785405605,-6.412891991033227,-8.913089854593794,9.8
2025-09-19T15:57:05.107541,7.402040633019519,-6.4226002886002505,-8.915758039232628,9.8
2025-09-19T15:57:05.108852,7.3936184360047115,-6.432294024900546,-8.918421425454882,9.8
2025-09-19T15:57:05.110161,7.38518507993785,-6.441974956103399,-8.921080499855757,9.8
2025-09-19T15:57:05.111472,7.376737509834201,-6.451646589127858,-8.923736229109785,9.8
2025-09-19T15:57:05.112782,7.368278814272001,-6.46130538785704,-8.926387645654847,9.8
2025-09-19T15:57:05.114092,7.359809014678164,-6.470951341762821,-8.929034750444073,9.8
2025-09-19T15:57:05.115402,7.351323497207101,-6.480589698431059,-8.9316789867478,9.8
2025-09-19T15:57:05.116712,7.342826904806308,-6.490215177176535,-8.934318909025189,9.8
2025-09-19T15:57:05.118023,7.334317709264001,-6.499829516193211,-8.93695499761226,9.8
2025-09-19T15:57:05.119334,7.325785061387196,-6.509444925211074,-8.939590602121234,9.8
2025-09-19T15:57:05.120644,7.317252241649648,-6.519035176471532,-8.942218537069563,9.8
2025-09-19T15:57:05.121954,7.308706867237373,-6.528614242609015,-8.944842636334313,9.8
2025-09-19T15:57:05.123265,7.300142717512544,-6.5381890691496976,-8.94746480511846,9.8
2025-09-19T15:57:05.124575,7.291572268643935,-6.547745707580797,-8.950081226846264,9.8
2025-09-19T15:57:05.125884,7.282989309161361,-6.557291111628438,-8.952693809517857,9.8
2025-09-19T15:57:05.127195,7.274390722484029,-6.566828733615512,-8.955303500982868,9.8
2025-09-19T15:57:05.128505,7.265779645583449,-6.57635508027245,-8.957909348354391,9.8
2025-09-19T15:57:05.129815,7.257160803824494,-6.585864944518178,-8.960509931256095,9.8
2025-09-19T15:57:05.131126,7.248520080275287,-6.595373882187874,-8.963109506344358,9.8
2025-09-19T15:57:05.132436,7.23987477094746,-6.604862852550268,-8.965702871359072,9.8
2025-09-19T15:57:05.133746,7.231213885742206,-6.6143439386419205,-8.96829333258817,9.8
2025-09-19T15:57:05.135058,7.222532688242548,-6.623822277753828,-8.970882295571254,9.8
2025-09-19T15:57:05.136368,7.213851718968291,-6.6332754636558136,-8.973463644096046,9.8
2025-09-19T15:57:05.137677,7.205155209440239,-6.6427207082547275,-8.976042082702607,9.8
2025-09-19T15:57:05.138988,7.196444747071308,-6.65215626713247,-8.978617137897634,9.8
2025-09-19T15:57:05.140298,7.18772192831338,-6.6615804041715965,-8.981188338991718,9.8
2025-09-19T15:57:05.141647,7.178811811918141,-6.671181377317258,-8.9838070298095,9.8
2025-09-19T15:57:05.142952,7.170021073708015,-6.680628548466303,-8.986383025861121,9.8
2025-09-19T15:57:05.144262,7.161259374009417,-6.690019744228135,-8.988943027226163,9.8
2025-09-19T15:57:05.145573,7.152480582074918,-6.699404564813298,-8.99150056261941,9.8
2025-09-19T15:57:05.146911,7.14361911308216,-6.708852805600021,-8.9940746465348,9.8
2025-09-19T15:57:05.148215,7.1347836054624265,-6.718248499663032,-8.99663368423706,9.8
2025-09-19T15:57:05.149540,7.12593253211568,-6.727635955351286,-8.999189751373248,9.8
2025-09-19T15:57:05.150842,7.117081957230157,-6.73699817530545,-9.001738224309609,9.8
2025-09-19T15:57:05.152153,7.108246425721678,-6.746319941361735,-9.00427496873971,9.8
2025-09-19T15:57:05.153463,7.099401906154727,-6.755626734425657,-9.006806925802602,9.8
2025-09-19T15:57:05.154773,7.0905484270234025,-6.764918551175318,-9.009334098631212,9.8
2025-09-19T15:57:05.156084,7.081668250745916,-6.774213960776357,-9.011861539537996,9.8
2025-09-19T15:57:05.157394,7.072790444379645,-6.783482537007963,-9.01438097882151,9.8
2025-09-19T15:57:05.158704,7.063898887679026,-6.792741162788924,-9.01689701048347,9.8
2025-09-19T15:57:05.160015,7.05499034583529,-6.801993179956215,-9.019410545140156,9.8
2025-09-19T15:57:05.161324,7.046079429613569,-6.811223434272036,-9.021917469581119,9.8
2025-09-19T15:57:05.162633,7.037156437184789,-6.820442014898206,-9.0244205283775,9.8
2025-09-19T15:57:05.163944,7.028211613943663,-6.829658959979438,-9.02692244920157,9.8
2025-09-19T15:57:05.165253,7.0192645018467195,-6.838854133048499,-9.02941776926606,9.8
2025-09-19T15:57:05.166563,7.010297195998627,-6.848045942002273,-9.031911487376918,9.8
2025-09-19T15:57:05.167874,7.001312948707275,-6.857231000503327,-9.03440268653475,9.8
2025-09-19T15:57:05.169189,6.992301933222187,-6.866419276060651,-9.036894071122955,9.8
2025-09-19T15:57:05.170499,6.983293612791101,-6.87558072584062,-9.03937749829152,9.8
2025-09-19T15:57:05.171811,6.974263440167838,-6.884740334038625,-9.04185974436616,9.8
2025-09-19T15:57:05.173121,6.965236046055526,-6.89387313654152,-9.044334047847494,9.8
2025-09-19T15:57:05.174431,6.956199984145854,-6.9029907852009496,-9.046803570736166,9.8
2025-09-19T15:57:05.175742,6.9471420992011685,-6.9121065279339255,-9.049271903687956,9.8
2025-09-19T15:57:05.177051,6.93808876998586,-6.921193843535673,-9.051731869279205,9.8
2025-09-19T15:57:05.178361,6.929021901673216,-6.930270953298501,-9.05418840488548,9.8
2025-09-19T15:57:05.179670,6.919936539907432,-6.939342784706198,-9.05664284627921,9.8
2025-09-19T15:57:05.180980,6.910839300844171,-6.948402705507767,-9.059093401493776,9.8
2025-09-19T15:57:05.182290,6.901730200097828,-6.957450700152867,-9.061540069477651,9.8
2025-09-19T15:57:05.183603,6.892600948598889,-6.966494969737199,-9.063985070139529,9.8
2025-09-19T15:57:05.184924,6.8834182676770945,-6.975568288835633,-9.066437261421633,9.8
2025-09-19T15:57:05.186231,6.8742652742951424,-6.984588530373135,-9.068874450494304,9.8
2025-09-19T15:57:05.187541,6.86510546273194,-6.9935918515143625,-9.071306414867728,9.8
2025-09-19T15:57:05.188851,6.855938868039754,-7.0025782564496755,-9.073733159874353,9.8
2025-09-19T15:57:05.190161,6.846758838492904,-7.011554279011131,-9.076156453430855,9.8
2025-09-19T15:57:05.191474,6.837562035782201,-7.020523157630774,-9.078577172244053,9.8
2025-09-19T15:57:05.192782,6.828356836259168,-7.029476717132841,-9.080993112757598,9.8
2025-09-19T15:57:05.194092,6.819143268537418,-7.038414955312086,-9.083404278189386,9.8
2025-09-19T15:57:05.195404,6.80990623924929,-7.047352482502461,-9.085814612034634,9.8
2025-09-19T15:57:05.196713,6.8006776841243415,-7.0562584304044025,-9.088215793486727,9.8
